ID,Name,RT,M/Z
1,TG(48:0),828.5,828.5
2,PC(34:2),634,634
3,TG(52:0),828.5,828.5
4,SM(d18:0/24:1),634,634
5,Unknown,828.5,828.5
6,LysoPC(16:0),634,634
7,LysoPC(16:2),828.5,828.5
8,TG(52:3),634,634
9,PC(36:2),828.5,828.5
10,Unknown,634,634
